Rank	Medical College	Last Rank Allotted	State	Allotted Quota
1	AIIMS – New Delhi	47	Delhi	Open Seat Quota
2	Vardhman Mahavir Medical College and Safdarjung Hospital New Delhi, VMMC	141	Delhi	All India
3	Maulana Azad Medical College New Delhi	145	Delhi	All India
4	Atal Bihari Vajpayee Institute of Medical Sciences & DR RML Hospital New Delhi	203	Delhi	All India
5	JIPMER Puducherry	350	Puducherry	Open Seat Quota
6	AIIMS, Jodhpur	374	Rajasthan	Open Seat Quota
7	University College of Medical Sciences, New Delhi	390	Delhi	All India
8	AIIMS-Bhopal	510	Madhya Pradesh	Open Seat Quota
9	AIIMS, Bhubaneswar	594	Odisha	Open Seat Quota
10	B.J. Medical College, Ahmedabad	676	Gujarat	All India
11	AIIMS, Rishikesh	731	Uttarakhand	Open Seat Quota
12	Government Medical College and Hospital, Chandigarh	778	Punjab	All India
13	Lady Hardinge Medical College, New Delhi	826	Delhi	All India
14	Govt. Medical College, Kozhikode	912	Kerala	All India
15	Madras Medical College, Chennai	944	Tamil Nadu	All India
16	AIIMS, Nagpur	946	Maharashtra	Open Seat Quota
17	SETH G.S. Medical College, Mumbai	1010	Maharashtra	All India
18	Institute of Medical Sciences, BHU, Varanasi	1014	Uttar Pradesh	Open Seat Quota
19	S.M.S. Medical College, Jaipur	1031	Rajasthan	All India
20	AIIMS, Raipur	1174	Chhattisgarh	Open Seat Quota
21	Dr. B.S.A. Medical College, Delhi	1192	Delhi	All India
22	AIIMS, Patna	1297	Bihar	Open Seat Quota
23	Bangalore Medical College and Research Institute	1345	Karnataka	All India
24	KGMC, Lucknow	1352	Uttar Pradesh	All India
25	NDMC Medical College, Delhi	1419	Delhi	All India
26	AIIMS Bathinda	1576	Punjab	Open Seat Quota
27	Govt. Medical College, Thiruvananthapuram	1606	Kerala	All India
28	AIIMS Mangalagiri	1836	Andhra Pradesh	Open Seat Quota
29	AIIMS Rajkot	1854	Gujarat	Open Seat Quota
30	AIIMS, Gorakhpur	2063	Uttar Pradesh	Open Seat Quota
31	AIIMS, Kalyani	2089	West Bengal	Open Seat Quota
32	Stanley Medical College, Chennai	2121	Tamil Nadu	All India
33	Medical College, Baroda	2251	Gujarat	All India
34	Govt. Medical College, Kottayam	2258	Kerala	All India
35	Grant Medical College & Sir J.J. Hospital, Mumbai	2338	Maharashtra	All India
36	B.J. Government Medical College, Pune	2379	Maharashtra	All India
37	AIIMS, Bibi Nagar, Hyderabad	2388	Telangana	Open Seat Quota
38	AIIMS, Bilaspur	2401	Himachal Pradesh	Open Seat Quota
39	RUHS College of Medical Sciences, Jaipur	2469	Rajasthan	All India
40	Medical College, Kolkata	2504	West Bengal	All India
41	AIIMS, Rai Bareli	2559	Uttar Pradesh	Open Seat Quota
42	Sardar Patel Medical College, Bikaner	2585	Rajasthan	All India
43	Gandhi Medical College, Musheerabad	2588	Telangana	All India
44	Govt. Medical College, Thrissur	2624	Kerala	All India
45	Indira Gandhi Medical College, Shimla	2625	Himachal Pradesh	All India
46	Dr. Ram Manohar Lohia Institute of Medical Sciences, Lucknow	2683	Uttar Pradesh	All India
47	Institute of PG Medical Education & Research, Kolkata	2699	West Bengal	All India
48	Govt. Medical College, Srinagar	2777	Jammu and Kashmir	All India
49	Govt. Kilpauk Medical College, Chennai	2810	Tamil Nadu	All India
50	Lokmanya Tilak Municipal Medical College, Mumbai	2857	Maharashtra	All India
51	JIPMER Karaikal	2862	Puducherry	Open Seat Quota
52	Topiwala National Medical College, Mumbai	3022	Maharashtra	All India
53	Government Medical College, Surat	3080	Gujarat	All India
54	AIIMS, Deoghar	3106	Jharkhand	Open Seat Quota
55	Jawaharlal Nehru Medical College, AMU, Aligarh	3131	Uttar Pradesh	Open Seat Quota
56	S.C.B. Medical College, Cuttack	3208	Odisha	All India
57	Patna Medical College, Patna	3273	Bihar	All India
58	Govt. Medical College, Patiala	3318	Punjab	All India
59	Dr. S.N. Medical College, Jodhpur	3362	Rajasthan	All India
60	Vardhman Institute of Medical Sciences, Nalanda	3420	Bihar	All India
61	T.D. Medical College, Alappuzha	3454	Kerala	All India
62	AIIMS Guwahati	3476	Assam	Open Seat Quota
63	Shri Atal Bihari Vajpayee Medical College & Research Institute, Bengaluru	3492	Karnataka	All India
64	Osmania Medical College, Hyderabad	3517	Telangana	All India
65	Hinduhridayasamrat Balasaheb Thackeray Medical College, Mumbai	3532	Maharashtra	All India
66	Coimbatore Medical College, Coimbatore	3536	Tamil Nadu	All India
67	Dr. B.R. Ambedkar State Institute of Medical Sciences, Mohali	3596	Punjab	All India
68	Mysore Medical College and Research Institute, Mysore	3627	Karnataka	All India
69	M.G.M. Medical College, Indore	3732	Madhya Pradesh	All India
70	AIIMS Jammu	3787	Jammu and Kashmir	Open Seat Quota
71	Pt. B.D. Sharma PGIMS, Rohtak	3843	Haryana	All India
72	Andhra Medical College, Visakhapatnam	3846	Andhra Pradesh	All India
73	R.N.T. Medical College, Udaipur	3871	Rajasthan	All India
74	G.S.V.M. Medical College, Kanpur	3874	Uttar Pradesh	All India
75	Pt. D.D.U. Medical College, Rajkot	3922	Gujarat	All India
76	Government Institute of Medical Sciences, Greater Noida	3956	Uttar Pradesh	All India
77	Indira Gandhi Institute of Medical Sciences, Patna	4070	Bihar	All India
78	Jawaharlal Nehru Medical College, Ajmer	4138	Rajasthan	All India
79	Govt. Medical College, Nagpur	4233	Maharashtra	All India
80	Govt. Medical College, Ernakulam	4267	Kerala	All India
81	Government Medical College, Mumbai	4293	Maharashtra	All India
82	S.N. Medical College, Agra	4354	Uttar Pradesh	All India
83	L.L.R.M. Medical College, Meerut	4369	Uttar Pradesh	All India
84	Dr. Rajendra Prasad Medical College, Tanda	4420	Himachal Pradesh	All India
85	Government Medical College, Manjeri	4435	Kerala	All India
86	AIIMS Madurai	4454	Tamil Nadu	Open Seat Quota
87	Madurai Medical College, Madurai	4456	Tamil Nadu	All India
88	Rajendra Institute of Medical Sciences, Ranchi	4511	Jharkhand	All India
89	Government Medical College, Omandurar	4588	Tamil Nadu	All India
90	Chengalpattu Medical College	4599	Tamil Nadu	All India
91	Moti Lal Nehru Medical College, Allahabad	4648	Uttar Pradesh	All India
92	Gandhi Medical College, Bhopal	4668	Madhya Pradesh	All India
93	Govt. Medical College, Kannur	4758	Kerala	All India
94	Govt. Medical College, Kota	4766	Rajasthan	All India
95	Government Doon Medical College, Dehradun	4950	Uttarakhand	All India
96	Government Vellore Medical College, Vellore	5096	Tamil Nadu	All India
97	Govt. Medical College, Amritsar	5118	Punjab	All India
98	Nilratan Sirkar Medical College, Kolkata	5180	West Bengal	All India
99	Karnataka Institute of Medical Sciences, Hubli	5184	Karnataka	All India
100	M.P. Shah Medical College, Jamnagar	5211	Gujarat	All India
101	Rajiv Gandhi Medical College, Thane	5333	Maharashtra	All India
102	MKCG Medical College, Berhampur	5403	Odisha	All India
103	Maharani Laxmi Bai Medical College, Jhansi	5589	Uttar Pradesh	All India
104	Thanjavur Medical College	5601	Tamil Nadu	All India
105	Gajra Raja Medical College, Gwalior	5674	Madhya Pradesh	All India
106	B.R.D. Medical College, Gorakhpur	5835	Uttar Pradesh	All India
107	Guwahati Medical College, Guwahati	5851	Assam	All India
108	Calcutta National Medical College, Kolkata	5852	West Bengal	All India
109	Belgaum Institute of Medical Sciences, Belgaum	5855	Karnataka	All India
110	Jhalawar Medical College, Jhalawar	5886	Rajasthan	All India
111	Govt. Medical College, Palakkad	5942	Kerala	All India
112	Govt. Mohan Kumaramangalam Medical College, Salem	5968	Tamil Nadu	All India
113	Nalanda Medical College, Patna	6015	Bihar	All India
114	Guru Govind Singh Medical College, Faridkot	6049	Punjab	All India
115	Indira Gandhi Government Medical College, Nagpur	6065	Maharashtra	All India
116	Shri Kalyan Govt. Medical College, Sikar	6167	Rajasthan	All India
117	Guntur Medical College, Guntur	6208	Andhra Pradesh	All India
118	Govt. Medical College, Idukki	6210	Kerala	All India
119	Medical College, Bhavnagar	6246	Gujarat	All India
120	Government Medical College, Konni	6483	Kerala	All India
121	Kalpana Chawla Govt. Medical College, Karnal	6570	Haryana	All India
122	Netaji Subhash Chandra Bose Medical College, Jabalpur	6583	Madhya Pradesh	All India
123	Govt. Medical College, Tirunelveli	6607	Tamil Nadu	All India
124	Uttarakhand Forest Hospital Trust Medical College, Haldwani	6620	Uttarakhand	All India
125	Uttar Pradesh University of Medical Sciences, Saifai	6698	Uttar Pradesh	All India
126	Goa Medical College, Panaji	6717	Goa	All India
127	Dr. YS Parmar Govt. Medical College, Nahan	6832	Himachal Pradesh	All India
128	M.G.M. Medical College, Jamshedpur	6891	Jharkhand	All India
129	Atal Bihari Vajpayee Government Medical College, Vidisha	6894	Madhya Pradesh	All India
130	Government Medical College, Jammu	6923	Jammu and Kashmir	All India
131	Govt. Medical College, Aurangabad	6960	Maharashtra	All India
132	Pt. Jawahar Lal Nehru Govt. Medical College, Chamba	7107	Himachal Pradesh	All India
133	Maulana Mahmood Hasan Medical College, Saharanpur	7160	Uttar Pradesh	All India
134	K.A.P. Viswanatham Govt. Medical College, Tiruchirapalli	7233	Tamil Nadu	All India
135	Sagar Dutta Medical College & Hospital, Kolkata	7347	West Bengal	All India
136	Pt. J.N.M. Medical College, Raipur	7414	Chhattisgarh	All India
137	R.G. Kar Medical College, Kolkata	7437	West Bengal	All India
138	V.S.S. Medical College, Burla	7458	Odisha	All India
139	Darbhanga Medical College, Laheriasarai	7470	Bihar	All India
140	SKIMS Medical College, Srinagar	7498	Jammu and Kashmir	All India
141	Government Medical College, Pali	7639	Rajasthan	All India
142	Government Medical College, Bhilwara	7741	Rajasthan	All India
143	Dr. Radhakrishnan Government Medical College, Hamirpur	7806	Himachal Pradesh	All India
144	Rangaraya Medical College, Kakinada	7874	Andhra Pradesh	All India
145	Govt. Medical College, Baramati	7915	Maharashtra	All India
146	S.S. Medical College, Rewa	7920	Madhya Pradesh	All India
147	Government Medical College, Alwar	7963	Rajasthan	All India
148	Mandya Institute of Medical Sciences, Mandya	8042	Karnataka	All India
149	Sri Jagannath Medical College & Hospital, Puri	8094	Odisha	All India
150	Govt. Medical College, Kannauj	8103	Uttar Pradesh	All India
151	SJP Medical College, Bharatpur	8185	Rajasthan	All India
152	THENI GOVT. MEDICAL COLLEGE, THENI	8200	Tamil Nadu	All India
153	NAMO Medical Education & Research Institute, Govt Medical College Silvassa	8221	Gujarat	All India
154	Govt Medical College, Churu	8266	Rajasthan	All India
155	KANYAKUMARI GOVT. MED. COLL., ASARIPALLAM	8267	Tamil Nadu	All India
156	BPS Govt. Med. College, Sonepat	8396	Haryana	All India
157	SHRI ATAL BIHARI VAJPAYEE GOVERNMENT MEDICAL COLLEGE, CHHAINSA	8460	Haryana	All India
158	Government Medical College, Anantnag	8523	Jammu and Kashmir	All India
159	Jawaharlal Nehru Medical College, Bhagalpur	8553	Bihar	All India
160	THOOTHUKUDI MEDICAL COLLEGE	8588	Tamil Nadu	All India
161	Govt Medical College Barmer Rajasthan	8786	Rajasthan	All India
162	IRT Perundurai Medical College, Perundurai	8915	Tamil Nadu	All India
163	HASSAN INST. MEDICAL SCIENCES, HASSAN	8916	Karnataka	All India
164	Indira Gandhi Medical College & RI, Puducherry	8929	Puducherry	All India
165	BUNDELKHAND MEDICAL COLLEGE, SAGAR	8986	Madhya Pradesh	All India
166	CHHATTISGARH INSTITUTE OF MEDICAL SCIENCES, BILASPUR	9020	Chhattisgarh	All India
167	Shaheed Nirmal Mahto Medical College & Hospital, Dhanbad	9040	Jharkhand	All India
168	GOVT. DHARAMAPURI MED COLL, DHARMAPURI	9050	Tamil Nadu	All India
169	GMC DAUSA RAJASTHAN	9096	Rajasthan	All India
170	Government Medical College Chittorgarh	9160	Rajasthan	All India
171	SHIMOGA INST. OF MEDICAL SCI., SHIMOGA	9163	Karnataka	All India
172	GVMC, VILLUPURAM	9228	Tamil Nadu	All India
173	MG Inst. of Medical Sciences, Sevagram Wardha	9238	Maharashtra	All India
174	MRA MEDICAL COLLEGE AMBEDKAR NAGAR	9285	Uttar Pradesh	All India
175	Government Medical College, Tiruppur	9387	Tamil Nadu	All India
176	Government Medical College, Jhunjhunu	9440	Rajasthan	All India
177	BURDWAN MEDICAL COLLEGE	9457	West Bengal	All India
178	DR. VAISHAMPAYAM MEMORIAL M.C., SHOLAPUR	9477	Maharashtra	All India
179	GMC, Azamgarh	9521	Uttar Pradesh	All India
180	GOVERNMENT MEDICAL COLLEGE, SRIGANGANAGAR	9575	Rajasthan	All India
181	COLLEGE OF MEDICINE and JNM HOSPITAL, KALYANI	9588	West Bengal	All India
182	SRI KRISHNA MEDICAL COLLEGE, MUZAFFARPUR	9639	Bihar	All India
183	SHKM GMC, Nalhar, Mewat	9670	Haryana	All India
184	Govt. Medical College, Sirohi	9761	Rajasthan	All India
185	Kakatiya Medical College Warangal	9792	Telangana	All India
186	Government Medical College, Thiruvallur	9875	Tamil Nadu	All India
187	GOVERNMENT MEDICAL COLLEGE, MIRAJ	9944	Maharashtra	All India
188	KURNOOL MEDICAL COLLEGE, KURNOOL	9951	Andhra Pradesh	All India
189	Thiruvannamalai MC, Thiruvannamalai	9953	Tamil Nadu	All India
190	Veer Chandra Singh Garhwali Govt. Institute of Medical Science & Research	10007	Uttarakhand	All India
191	Govt Medical College Badaun	10009	Uttar Pradesh	All India
192	NEIGRIHMS, SHILLONG	10011	Meghalaya	All India
193	Govt Medical College, Dungarpur	10018	Rajasthan	All India
194	Govt Medical College Faizabad	10030	Uttar Pradesh	All India
195	Govt Medical College Ratlam	10113	Madhya Pradesh	All India
196	GMC KARAULI	10145	Rajasthan	All India
197	Govt Medical college Shivpuri	10169	Madhya Pradesh	All India
198	Govt Medical College Firozabad	10201	Uttar Pradesh	All India
199	ANUGRAH NARAYAN MAGADH MEDICAL COLLEGE, GAYA	10286	Bihar	All India
200	GMC, Shahjhanpur	10289	Uttar Pradesh	All India
201	Rani Durgavati Medical College, Banda	10445	Uttar Pradesh	All India
202	Government Medical College, Dholpur	10450	Rajasthan	All India
203	NORTH BENGAL MED.COLL, DARJEELING	10476	West Bengal	All India
204	Rajarshee Chhatrapati Shahu Maharaj Government Medical College Kolhapur	10491	Maharashtra	All India
205	Govt. Medical College Karur	10497	Tamil Nadu	All India
206	GOVERNMENT MEDICAL COLLEGE, BUNDI	10526	Rajasthan	All India
207	BANKURA SAMMILANI MED COLL, BANKURA	10552	West Bengal	All India
208	Sri Venkateswara Medical College, Tirupati	10579	Andhra Pradesh	All India
209	VIJAYNAGAR INST OF MED. SC, BELLARY	10621	Karnataka	All India
210	SOBAN SINGH JEENA GOVT. INSTITUTE OF MEDICAL SCIENCE & RESEARCH, ALMORA	10713	Uttarakhand	All India
211	Rajkiya Medical College, Jalaun	10723	Uttar Pradesh	All India
212	Siddartha Medical College, Vijayawada	10733	Andhra Pradesh	All India
213	Government Medical College, Hanumangarh	10772	Rajasthan	All India
214	Gulbarga Institute of Medical Sciences, Gulbarga	10807	Karnataka	All India
215	Government Medical College, Baramulla	10815	Jammu and Kashmir	All India
216	Rajah Muthiah Medical College, Annamalai University	10846	Tamil Nadu	All India
217	GOVERNMENT MEDICAL COLLEGE, LATUR	10878	Maharashtra	All India
218	GTMC, THIRUVARUR	11098	Tamil Nadu	All India
219	Govt. Pudukkottai Medical College Hospital, Pudukkottai	11172	Tamil Nadu	All India
220	Government Medical College, Seoni	11202	Madhya Pradesh	All India
221	DR. S.C. GOVT MEDICAL COLLEGE, NANDED	11255	Maharashtra	All India
222	SHEIKH BHIKHARI MEDICAL COLLEGE & HOSPITAL, HAZARIBAG	11293	Jharkhand	All India
223	Government Medical College, Datia	11440	Madhya Pradesh	All India
224	Govt. Sivgangai Medical College, Sivagangai	11487	Tamil Nadu	All India
225	Govt. Medical College, Khandwa	11588	Madhya Pradesh	All India
226	MAHARSHI DEVRAHA BABA AUTONOMOUS STATE MEDICAL COLLEGE, DEORIA	11706	Uttar Pradesh	All India
227	Govt Medical College Basti	11715	Uttar Pradesh	All India
228	Autonomous State Medical College, Fatehpur	11757	Uttar Pradesh	All India
229	Diamond Harbour Govt Medical College	11809	West Bengal	All India
230	SHRI BHAUSAHEB HIRE GOVT. M.C., DHULE	11896	Maharashtra	All India
231	ASSAM MEDICAL COLLEGE, DIBRUGARH	11898	Assam	All India
232	Kalyan Singh Government Medical College, Bulandshahr	11906	Uttar Pradesh	All India
233	Autonomous State Medical College, Etah	11914	Uttar Pradesh	All India
234	Government Medical College, Kathua	12036	Jammu and Kashmir	All India
235	GOVERNMENT MEDICAL COLLEGE, AKOLA	12051	Maharashtra	All India
236	Government Medical College, Virudhunagar	12054	Tamil Nadu	All India
237	SWAMI RAMANAND TIRTH RURAL M.C, AMBAJOGAI	12112	Maharashtra	All India
238	Government Medical College, Bettiah	12118	Bihar	All India
239	Government Medical College, Krishnagiri	12165	Tamil Nadu	All India
240	MIDNAPORE MEDICAL COLLEGE, MIDNAPUR	12197	West Bengal	All India
241	Government medical College, Namakkal	12208	Tamil Nadu	All India
242	Rajiv Gandhi Institute Medical Sciences of Adilabad	12222	Telangana	All India
243	Lt. L A M Govt. Medical College, Raigarh	12292	Chhattisgarh	All India
244	Government Medical College, Dindigul	12300	Tamil Nadu	All India
245	GMC, Bahraich	12318	Uttar Pradesh	All India
246	Autonomous State Medical College Society, Hardoi	12321	Uttar Pradesh	All India
247	Chhindwara Institute of Medical Sciences	12368	Madhya Pradesh	All India
248	Government Medical College and Hospital, Balasore	12393	Odisha	All India
249	Autonomous State Medical College, Kushinagar	12394	Uttar Pradesh	All India
250	Government Medical College, Nilgiris	12487	Tamil Nadu	All India
251	Kodagu Institute of Medical Sciences, Kodagu	12594	Karnataka	All India
252	Autonomous State Medical College, Siddharthnagar	12636	Uttar Pradesh	All India
253	GMERS Medical College, Morbi	12664	Gujarat	All India
254	Autonomous State Medical College, Kanpur Dehat	12841	Uttar Pradesh	All India
255	UNS Autonomous State Medical College, Jaunpur	12907	Uttar Pradesh	All India
256	Barasat Government Medical College & Hospital	12940	West Bengal	All India
257	Jannayak Karpoori Thakur Medical College and Hospital, Madhepura	12983	Bihar	All India
258	Bidar Institute of Medical Sciences	12991	Karnataka	All India
259	Autonomous State Medical College Society, Mirzapur	13014	Uttar Pradesh	All India
260	Lt. B R K Government Medical College, Jagdalpur	13041	Chhattisgarh	All India
261	Govt Medical College Shahdol	13104	Madhya Pradesh	All India
262	Government Medical College, Ariyalur	13107	Tamil Nadu	All India
263	Autonomous State Medical College, Pratapgarh	13294	Uttar Pradesh	All India
264	Regional Institute of Medical Sciences, Imphal	13316	Manipur	All India
265	Mahatma Vidur Autonomous State Medical College, Bijnor	13319	Uttar Pradesh	All India
266	ACSR Govt Medical College, Nellore	13322	Andhra Pradesh	All India
267	Government Medical College, Satna	13348	Madhya Pradesh	All India
268	Government Medical College, Ramanathapuram	13376	Tamil Nadu	All India
269	Government Medical College, Kallakurichi	13387	Tamil Nadu	All India
270	Government Medical College and Hospital, Jalgaon	13468	Maharashtra	All India
271	Autonomous State Medical College, Ghazipur	13492	Uttar Pradesh	All India
272	Karwar Institute of Medical Sciences	13569	Karnataka	All India
273	Government Medical College, Nandurbar	13638	Maharashtra	All India
274	Chikkaballapura Institute of Medical Sciences	13668	Karnataka	All India
275	Government Medical College, Nagapattinam	13671	Tamil Nadu	All India
276	Malda Medical College	13703	West Bengal	All India
277	Phulo Jhano Medical College, Dumka	13707	Jharkhand	All India
278	Sh Vasantrao Naik Government Medical College, Yavatmal	13794	Maharashtra	All India
279	Government Medical College, Rajouri	13835	Jammu and Kashmir	All India
280	Government Medical College and General Hospital, Satara	13955	Maharashtra	All India
281	Govt. Medical College and Hospital, Chandrapur	13966	Maharashtra	All India
282	Raichur Institute of Medical Sciences	13978	Karnataka	All India
283	Autonomous State Medical College, Sultanpur	14089	Uttar Pradesh	All India
284	Govt. Medical College, Udhampur	14096	Jammu and Kashmir	All India
285	ESIC Medical College, Faridabad	14111	Haryana	Employees State Insurance Scheme(ESI)
286	Murshidabad Medical College & Hospital	14131	West Bengal	All India
287	Autonomous State Medical College, Lalitpur	14132	Uttar Pradesh	All India
288	Pt. Raghunath Murmu Medical College, Baripada	14162	Odisha	All India
289	Sundarlal Patwa Government Medical College, Mandsaur	14215	Madhya Pradesh	All India
290	Government Medical College, Purnea	14249	Bihar	All India
291	Virendra Kumar Sakhlecha Government Medical College, Neemuch	14277	Madhya Pradesh	All India
292	Government Medical College and Hospital, Jajpur	14313	Odisha	All India
293	Silchar Medical College	14334	Assam	All India
294	Gadag Institute of Medical Sciences	14399	Karnataka	All India
295	Government Medical College, Rajnandgaon	14450	Chhattisgarh	All India
296	Government Medical College, Gondia	14452	Maharashtra	All India
297	SVIMS – Sri Padmavathi Medical College for Women, Tirupati	14517	Andhra Pradesh	All India
298	Government Medical College and District General Hospital, Ratnagiri	14603	Maharashtra	All India
299	Government Medical College & Hospital, Alibag-Raigad	14636	Maharashtra	All India
300	Medinirai Medical College, Palamu	14641	Jharkhand	All India
301	Chandulal Chandrakar Memorial Government Medical College, Durg	14674	Chhattisgarh	All India
302	Autonomous State Medical College, Pilibhit	14788	Uttar Pradesh	All India
303	GMERS Medical College, Porbandar	14823	Gujarat	All India
304	Chamarajanagar Institute of Medical Sciences	14915	Karnataka	All India
305	Government Medical College, Mahabubnagar	14923	Telangana	All India
306	GMERS Medical College, Panchmahal Godhra	14977	Gujarat	All India
307	Sarat Chandra Chattopadhyay Government Medical College & Hospital, Uluberia	15088	West Bengal	All India
308	Koppal Institute of Medical Sciences	15144	Karnataka	All India
309	Chikkamagaluru Institute of Medical Sciences	15318	Karnataka	All India
310	Government Medical College, Sindhudurg	15327	Maharashtra	All India
311	Government Medical College, Khaleelwadi, Nizamabad	15330	Telangana	All India
312	Government Medical College, Ananthapuram	15385	Andhra Pradesh	All India
313	GMERS Medical College, Navsari	15452	Gujarat	All India
314	Agartala Government Medical College	15460	Tripura	All India
315	Rampurhat Government Medical College	15519	West Bengal	All India
316	Rajmata Shrimati Devendra Kumari Singhdeo Government Medical College, Ambikapur	15544	Chhattisgarh	All India
317	Bhima Bhoi Medical College and Hospital, Balangir	15643	Odisha	All India
318	Government Medical College, Osmanabad	15653	Maharashtra	All India
319	Andaman and Nicobar Islands Institute of Medical Sciences	15675	Andaman and Nicobar Islands	All India
320	Government Medical College & Hospital, Jalpaiguri	15860	West Bengal	All India
321	Raiganj Government Medical College	15868	West Bengal	All India
322	Haveri Institute of Medical Sciences	15946	Karnataka	All India
323	Maharaja Jitendra Narayan Medical College and Hospital, Coochbehar	15973	West Bengal	All India
324	Government Medical College, Parbhani	15984	Maharashtra	All India
325	Government Medical College, Doda	16092	Jammu and Kashmir	All India
326	Government Medical College, Rajanna Sircilla	16102	Telangana	All India
327	GMERS Medical College, Rajpipla	16103	Gujarat	All India
328	Saheed Laxman Nayak Medical College and Hospital, Koraput	16229	Odisha	All India
329	Rajiv Gandhi Institute of Medical Sciences, Kadapa	16281	Andhra Pradesh	All India
330	Deben Mahata Government Medical College & Hospital	16398	West Bengal	All India
331	RIMS Srikakulam	16410	Andhra Pradesh	All India
332	Government Medical College, Siddipet	16415	Telangana	All India
333	Government Medical College, Sundargarh	16440	Odisha	All India
334	Chitradurga Medical College and Research Institute	16451	Karnataka	All India
335	RIMS Ongole	16556	Andhra Pradesh	All India
336	Jorhat Medical College and Hospital	16562	Assam	All India
337	Government Medical College, ESIC, Kollam	16630	Kerala	Employees State Insurance Scheme(ESI)
338	Prafulla Chandra Sen Government Medical College & Hospital, Arambagh	16642	West Bengal	All India
339	Yadgiri Institute of Medical Sciences	16689	Karnataka	All India
340	Government Medical College, Kanker	16691	Chhattisgarh	All India
341	Government Medical College, Mahasamund	16700	Chhattisgarh	All India
342	Tamralipto Government Medical College & Hospital	16824	West Bengal	All India
343	Jhargram Government Medical College and Hospital	16872	West Bengal	All India
344	Government Medical College, Handwara	16973	Jammu and Kashmir	All India
345	Government Medical College, Karimnagar	17003	Telangana	All India
346	Government Medical College, Nalgonda	17058	Telangana	All India
347	Government Medical College, Korba	17100	Chhattisgarh	All India
348	Government Medical College, Suryapet	17157	Telangana	All India
349	Government Medical College, Jangaon	17193	Telangana	All India
350	Fakhruddin Ali Ahmed Medical College, Barpeta	17216	Assam	All India
351	Saheed Rendo Majhi Medical College & Hospital, Bhawanipatna	17313	Odisha	All India
352	Government Medical College and Hospital, Keonjhar	17399	Odisha	All India
353	Tezpur Medical College	17444	Assam	All India
354	Government Medical College, Narsampet	17457	Telangana	All India
355	Government Medical College, Nagarkurnool	17642	Telangana	All India
356	JLN Institute of Medical Sciences, Imphal	17709	Manipur	All India
357	Tomo Riba Institute of Health and Medical Sciences, Naharlagun	17823	Arunachal Pradesh	All India
358	Government Medical College, Rajamahendravaram	17867	Andhra Pradesh	All India
359	Government Medical College, Mahabubabad	17928	Telangana	All India
360	Government Medical College, Machilipatnam	17942	Andhra Pradesh	All India
361	Government Medical College, Jogulamba Gadwal	18025	Telangana	All India
362	Government Medical College, Eluru	18054	Andhra Pradesh	All India
363	Government Medical College, Nandyal	18164	Andhra Pradesh	All India
364	ESIC Medical College and Hospital, Alwar	18213	Rajasthan	Employees State Insurance Scheme(ESI)
365	Lakhimpur Medical College, North Lakhimpur	18283	Assam	All India
366	Government Medical College, Sangareddy	18286	Telangana	All India
367	Dhubri Medical College	18334	Assam	All India
368	Government Medical College, Vizianagaram	18420	Andhra Pradesh	All India
369	Diphu Medical College and Hospital	18429	Assam	All India
370	Government Medical College, Kamareddy	18539	Telangana	All India
371	Government Medical College, Mulugu	18579	Telangana	All India
372	Zoram Medical College, Falkawn	18791	Mizoram	All India
373	Government Medical College, Mancherial	18811	Telangana	All India
374	Government Medical College, Nirmal	18834	Telangana	All India
375	Government Medical College, Churachandpur	18841	Manipur	All India
376	Government Medical College, Khammam	18872	Telangana	All India
377	Government Medical College, Ramagundam	18915	Telangana	All India
378	Kokrajhar Medical College & Hospital	18970	Assam	All India
379	Government Medical College, Vikarabad	19054	Telangana	All India
380	Government Medical College, Jagtial	19073	Telangana	All India
381	Government Medical College, Wanaparthy	19169	Telangana	All India
382	Government Medical College, Bhadradri Kothagudem	19198	Telangana	All India
383	Government Medical College, Narayanpet	19259	Telangana	All India
384	Nagaon Medical College	19373	Assam	All India
385	Government Medical College, Jayashankar Bhupalpally	19403	Telangana	All India
386	Nalbari Medical College & Hospital	19491	Assam	All India
387	Government Medical College, Kumuram Bheem Asifabad	19522	Telangana	All India
388	Tinsukia Medical College & Hospital	19596	Assam	All India
389	Nagaland Institute of Medical Sciences and Research, Kohima	19603	Nagaland	All India
390	Government Medical College and ESIC Hospital, Coimbatore	22209	Tamil Nadu	Employees State Insurance Scheme(ESI)
391	SLBS Government Medical College, Mandi	26331	Himachal Pradesh	Employees State Insurance Scheme(ESI)
392	ESIC Medical College and PGIMSR, Rajajinagar, Bengaluru	28263	Karnataka	Employees State Insurance Scheme(ESI)
393	ESIC Medical College and PGIMSR, Chennai	29230	Tamil Nadu	Employees State Insurance Scheme(ESI)
394	ESIC Medical College and Hospital, Bihta	35748	Bihar	Employees State Insurance Scheme(ESI)
395	ESIC Medical College, Hyderabad	36665	Telangana	Employees State Insurance Scheme(ESI)
396	Kasturba Medical College, Manipal	40258	Karnataka	Deemed/Paid Seats Quota
397	ESIC Medical College, Gulbarga	43073	Karnataka	Employees State Insurance Scheme(ESI)
398	ESIC PGIMSR, Joka, Kolkata	48667	West Bengal	Employees State Insurance Scheme(ESI)
399	Symbiosis Medical College for Women, Pune	53248	Maharashtra	Deemed/Paid Seats Quota
400	Hamdard Institute of Medical Sciences and Research, New Delhi	53650	Delhi	Deemed/Paid Seats Quota
401	Kasturba Medical College, Mangalore	57207	Karnataka	Deemed/Paid Seats Quota
402	Manipal Tata Medical College, Jamshedpur	82158	Jharkhand	Deemed/Paid Seats Quota
403	JSS Medical College, Mysuru	122228	Karnataka	Deemed/Paid Seats Quota
404	Rural Medical College and PIMS, Loni	131685	Maharashtra	Deemed/Paid Seats Quota
405	Jawaharlal Nehru Medical College, Belagavi	138793	Karnataka	Deemed/Paid Seats Quota
406	K.S. Hegde Medical Academy, Mangaluru	152991	Karnataka	Deemed/Paid Seats Quota
407	Institute of Medical Sciences and SUM Hospital, Bhubaneswar	175143	Odisha	Deemed/Paid Seats Quota
408	MGM Medical College, Navi Mumbai	183677	Maharashtra	Deemed/Paid Seats Quota
409	Jagadguru Gangadhar Mahaswamigalu Moorusavirmath Medical College, Hubballi	204107	Karnataka	Deemed/Paid Seats Quota
410	Kalinga Institute of Medical Sciences, Bhubaneswar	213081	Odisha	Deemed/Paid Seats Quota
411	Sri Devaraj Urs Medical College, Kolar	216182	Karnataka	Deemed/Paid Seats Quota
412	MGM Medical College, Aurangabad	217487	Maharashtra	Deemed/Paid Seats Quota
413	MGM Medical College, Vashi, Navi Mumbai	231489	Maharashtra	Deemed/Paid Seats Quota
414	Institute of Medical Sciences and SUM Hospital, Bhubaneswar (Campus II)	252400	Odisha	Deemed/Paid Seats Quota
415	MGM Medical College, Nerul, Navi Mumbai	256879	Maharashtra	Deemed/Paid Seats Quota
416	BLDE University, Vijayapura	263450	Karnataka	Deemed/Paid Seats Quota
417	SBKS Medical Institute and Research Centre, Vadodara	267297	Gujarat	Deemed/Paid Seats Quota
418	Amrita Institute of Medical Sciences, Kochi	269974	Kerala	Deemed/Paid Seats Quota
419	Amrita School of Medicine, Faridabad	286837	Haryana	Deemed/Paid Seats Quota
420	Sri Siddhartha Medical College, Tumkur	293210	Karnataka	Deemed/Paid Seats Quota
421	Bharati Vidyapeeth Deemed University Medical College, Pune	299733	Maharashtra	Deemed/Paid Seats Quota
422	Sri Ramachandra Medical College and Research Institute, Chennai	313535	Tamil Nadu	Deemed/Paid Seats Quota
423	MM Institute of Medical Sciences and Research, Mullana	343403	Haryana	Deemed/Paid Seats Quota
424	Dr. D. Y. Patil Medical College, Kolhapur	345660	Maharashtra	Deemed/Paid Seats Quota
425	Yenepoya Medical College, Mangalore	352756	Karnataka	Deemed/Paid Seats Quota
426	Sri Siddhartha Institute of Medical Sciences and Research Centre, T. Begur	365036	Karnataka	Deemed/Paid Seats Quota
427	RajaRajeswari Medical College and Hospital, Bengaluru	374370	Karnataka	Deemed/Paid Seats Quota
428	Krishna Institute of Medical Sciences, Karad	428876	Maharashtra	Deemed/Paid Seats Quota
429	Datta Meghe Medical College, Wanadongri, Nagpur	506817	Maharashtra	Deemed/Paid Seats Quota
430	Datta Meghe Institute of Medical Sciences, Wardha	510316	Maharashtra	Deemed/Paid Seats Quota
431	BV Deemed University Medical College, Sangli	514800	Maharashtra	Deemed/Paid Seats Quota
432	Graphic Era Institute of Medical Sciences, Dehradun	551948	Uttarakhand	Deemed/Paid Seats Quota
433	Dr. D. Y. Patil Medical College, Navi Mumbai	559321	Maharashtra	Deemed/Paid Seats Quota
434	Saveetha Medical College, Chennai	568054	Tamil Nadu	Deemed/Paid Seats Quota
435	Dr. D. Y. Patil Medical College and Hospital, Pune	568091	Maharashtra	Deemed/Paid Seats Quota
436	J R Medical College and Hospital, Tindivanam	587824	Tamil Nadu	Deemed/Paid Seats Quota
437	Sri Lalithambigai Medical College and Hospital, Chennai	617590	Tamil Nadu	Deemed/Paid Seats Quota
438	SRM Medical College Hospital and Research Centre, Chennai	637582	Tamil Nadu	Deemed/Paid Seats Quota
439	Santosh Medical College and Hospital, Ghaziabad	671408	Uttar Pradesh, Delhi	Deemed/Paid Seats Quota
440	Chettinad Hospital and Research Institute, Kancheepuram	825168	Tamil Nadu	Deemed/Paid Seats Quota
441	GITAM Institute of Medical Sciences and Research, Visakhapatnam	874883	Andhra Pradesh	Deemed/Paid Seats Quota
442	Mahatma Gandhi Medical College, Pondicherry	889635	Puducherry	Deemed/Paid Seats Quota
443	Meenakshi Medical College Hospital and Research Institute, Kanchipuram	899112	Tamil Nadu	Deemed/Paid Seats Quota
444	Vinayaka Missions Medical College and Hospital, Karaikal	902941	Puducherry	Deemed/Paid Seats Quota
445	VMKV Medical College and Hospital, Salem	996106	Tamil Nadu	Deemed/Paid Seats Quota
446	ACS Medical College and Hospital, Chennai	1017390	Tamil Nadu	Deemed/Paid Seats Quota
447	Aarupadai Veedu Medical College and Hospital, Puducherry	1034896	Puducherry	Deemed/Paid Seats Quota
448	Bhaarath Medical College and Hospital, Chennai	1060578	Tamil Nadu	Deemed/Paid Seats Quota
449	Sree Balaji Medical College and Hospital, Chennai	1100567	Tamil Nadu	Deemed/Paid Seats Quota
450	Sri Lakshmi Narayana Institute of Medical Sciences, Puducherry	1160343	Puducherry	Deemed/Paid Seats Quota
451	Shri Sathya Sai Medical College and Research Institute, Chennai	1161774	Tamil Nadu	Deemed/Paid Seats Quota
452	VELS Medical College and Hospital, Uthukottai	1163943	Tamil Nadu	Deemed/Paid Seats Quota